{"cameraMode":{"drawMode":0,"name":"Shaded","section":"Shading Mode"},"sceneLighting":true,"audioPlay":false,"sceneViewState":{"showFog":true,"showMaterialUpdate":false,"showSkybox":true,"showFlares":true,"showImageEffects":true,"showParticleSystems":true},"in2DMode":false,"pivot":{"x":-1.431431770324707,"y":3.9430415630340578,"z":0.9747655391693115},"rotation":{"x":-0.13311773538589478,"y":-0.16039283573627473,"z":0.02185407467186451,"w":-0.9778134822845459},"size":1.588196039199829,"orthographic":false}