{"cameraMode":{"drawMode":0,"name":"Shaded","section":"Shading Mode"},"sceneLighting":false,"audioPlay":false,"sceneViewState":{"showFog":true,"showMaterialUpdate":false,"showSkybox":false,"showFlares":true,"showImageEffects":true,"showParticleSystems":true},"in2DMode":false,"pivot":{"x":-0.8490982055664063,"y":4.64541482925415,"z":2.0159435272216799},"rotation":{"x":-0.17285338044166566,"y":0.31218647956848147,"z":-0.05787591636180878,"w":-0.9323725700378418},"size":13.730067253112793,"orthographic":false}