{"cameraMode":{"drawMode":0,"name":"Shaded","section":"Shading Mode"},"sceneLighting":true,"audioPlay":false,"sceneViewState":{"showFog":true,"showMaterialUpdate":false,"showSkybox":true,"showFlares":true,"showImageEffects":true,"showParticleSystems":true},"in2DMode":false,"pivot":{"x":-22.696863174438478,"y":58.25410842895508,"z":-40.814910888671878},"rotation":{"x":-0.4980134069919586,"y":-0.3441052734851837,"z":0.22437326610088349,"w":-0.7637832760810852},"size":54.38455581665039,"orthographic":false}