{"cameraMode":{"drawMode":0,"name":"Shaded","section":"Shading Mode"},"sceneLighting":true,"audioPlay":false,"sceneViewState":{"showFog":true,"showMaterialUpdate":false,"showSkybox":true,"showFlares":true,"showImageEffects":true,"showParticleSystems":true},"in2DMode":false,"pivot":{"x":1.5089306831359864,"y":6.411549091339111,"z":-3.6761553287506105},"rotation":{"x":-0.3593330979347229,"y":0.034141477197408679,"z":-0.01315702311694622,"w":-0.9324957132339478},"size":13.8858003616333,"orthographic":false}